0,1,2,3,4,5,6,7,8,9,10,11,12,13,14,15,16,17,18,19,20,class

0,53.33854141237835,99.40321926376429,137.63720427268203,171.81967291320282,129.4488315899375,164.24676556937126,167.88686666919483,162.68988905276197,137.27709204379295,192.06509313251067,227.69497139814047,259.88651369395836,135.6244815658294,194.17775361765828,229.4558781116753,260.7623439072444,127.3184982632139,174.39323381370048,208.75344308537763,239.88330496305906,okay

0,51.0,97.082439194738,133.96268137059664,165.07574019219177,124.06449935416659,156.66843970627906,160.0781059358212,153.48289807011074,131.73458164050928,184.95404834715026,218.68927728629038,247.09512338368802,130.98091464026353,189.45184084616332,223.61797781037194,253.56853117056934,124.03628501370073,170.42300314218147,203.48218595248088,233.4823333787805,okay

0,63.41135544995076,120.20815280171308,168.2914139223983,211.69081227110448,152.0690632574555,199.24858845171275,204.8243149628481,200.55173896029922,162.24980739587951,225.17770760001977,266.9925092582187,300.5628054167714,160.25292509030842,225.31977276750482,269.04646438858845,304.04111564063174,148.66068747318505,202.0,239.88538930080756,270.2831848265815,okay

0,35.77708763999664,67.11929677819934,95.2102935611481,120.61509026651682,83.81527307120105,111.35977729862789,117.88977903109328,116.84605256490268,93.05912099305473,128.5496013218244,153.68799562750502,175.1142484208524,97.0,134.13426109685773,158.61904047118682,178.36199146679206,96.5090669315583,126.58988901172162,147.2311108427835,164.77863939236784,okay

0,29.154759474226502,56.938563381947034,79.32212806020776,95.13148795220224,69.77105417004964,91.4166286842826,97.20082304178294,96.20810776644555,74.0,101.59232254457027,120.01666550941998,135.95587519485872,74.33034373659252,102.59142264341595,122.57650672131263,136.79546776117988,71.06335201775948,95.00526301210897,113.00442469213318,126.0,okay

0,38.27531841800928,70.71067811865476,100.9554357129917,124.96399481450646,87.98295289429652,118.15244390193544,123.84667940643382,120.96693763173474,92.35799911215054,129.46814279968643,153.40469353966978,176.70597047072292,91.7877987534291,130.23056476879765,154.7804897265802,174.88853593074649,89.45389874119518,119.10499569707393,139.00359707575916,156.259399717265,okay

0,38.63935817272331,72.0,99.12618221237011,120.3536455617361,81.02468759581859,109.9317970379817,112.40106761058811,107.56393447619885,87.72684879784524,124.85191228010886,145.49914089093448,161.54875425084526,91.8313671900838,131.64345787011217,153.60013020827813,170.29386365926402,96.25487000666512,130.80137613954986,152.3975065412817,170.42593699317015,okay

0,41.036569057366385,78.10249675906654,112.29425630903836,140.24621207005913,103.07764064044152,129.75746606650424,134.33167906342868,131.36970731489052,112.64102272262978,159.0125781188394,190.12890364171355,219.44703233354514,111.40017953306898,160.3527361787132,189.76301009416983,216.6679487141557,101.96568050084302,139.26952286842948,168.6001186239203,195.0,okay

0,54.56189146281496,101.24228365658294,145.13442045221387,173.64907140552177,118.90332207301863,156.6780137734711,169.43435306926398,171.04677722775136,127.63228431709588,179.79988876526036,212.07781590727495,240.16869071550522,131.79529581893277,184.8053029542172,217.75444886385216,243.58981916328113,133.2216198670471,175.07141400011596,202.07176942858692,225.656819085974,okay

0,53.009433122794285,100.60318086422517,138.4629914453678,164.7573974060042,129.07362240210043,170.23806859806652,172.88724649319857,168.15766411317682,133.30416347586447,191.049731745428,227.75864418282788,257.42183279589943,131.0267148332736,185.20529150107996,220.6762334280699,251.21305698549986,123.97580409095961,164.57521077003062,193.12690128513947,218.8355546980426,okay

0,53.225933528685054,102.34256201600583,143.28293687665675,171.49344010777787,127.45587471748802,163.29421300217592,173.55690709389816,178.33956375409244,131.21737689803132,187.72320048411703,224.11604137142882,255.21951336055793,128.191263352851,180.00555546982432,213.71242359769354,242.39636960977776,123.1665539016173,161.5239920259526,188.04254837669055,212.05895406702354,okay

0,51.61395160225576,99.70456358662827,139.51702405083043,168.80758276807353,127.3459854098275,168.88457596832222,172.66151858477326,164.30459518832697,132.6386067478093,186.4296113818832,222.24535990656813,251.5094431626773,130.31116606031887,184.2199772011711,218.43534512527958,247.77812655680484,125.15989773086265,167.20047846821492,195.1640335717624,220.02045359466015,okay

0,47.01063709417264,96.04686356149273,137.43725841270262,168.80758276807353,123.03251602726817,146.2908062729849,159.3643623900902,165.19382555047267,131.59407281484982,180.5796223276591,212.31344752511555,242.52834885843757,131.01526628603247,179.06981878585793,206.196508214858,229.31419493786248,122.98373876248843,160.64868502418562,190.53870997778904,217.4948275247023,okay

0,54.589376255824725,101.21264743103995,145.0,174.0028735394907,117.39250401963491,154.1557653803451,170.0,179.7247896090019,125.15989773086265,175.32826355154492,207.62466134830902,236.54386485385749,127.39309243440164,178.0028089666003,208.08652046684813,231.5534495532295,128.39003076563228,167.86899654194636,194.28329830430613,216.31689716709604,okay

0,30.463092423455635,58.82176467941097,81.68843247363729,99.00505037623081,70.3846574190711,95.70788891204319,97.63708311906906,93.08598175880189,73.97972695272672,104.9952379872535,125.7179382586272,142.46754016266303,75.05997601918082,106.21205204683694,125.92855117089213,142.87407042567241,75.13321502504735,100.31948963187563,117.01709276853532,131.06105447462264,okay

0,27.16615541441225,52.20153254455275,72.73238618387272,90.07774419910837,61.84658438426491,83.43860018001261,85.80209787645055,83.35466393669883,66.88796603276258,94.2019108086455,111.19802156513397,125.86500705120545,68.54195795277518,95.88013350011565,112.6454615153225,126.03570922560003,69.12307863514182,92.97311439335567,108.46197490364999,120.30378215168466,okay

0,30.083217912982647,58.05170109479997,85.0,106.47065323364932,70.2353187506115,88.23264701911646,96.17692030835673,98.04590761474952,77.62087348130012,108.72442227944924,128.47178678604885,147.14618581533128,79.39773296511683,111.39569111954016,131.89389675038038,148.8220413782851,78.39005038906404,104.78549517943789,125.15989773086265,142.80406156688963,okay

0,35.05709628591621,61.61168720299745,87.55569655939013,108.52188719332152,73.06161783043132,91.93475947648963,98.6154146165801,99.72462083156798,83.2586331859946,116.84605256490268,136.74063039199433,151.40013210033868,89.88882021697692,128.15615474880636,149.83324063771698,164.12799883018133,95.2732911156112,127.01574705523721,148.24641648282767,164.62381358722072,okay

0,49.49747468305833,85.60373823613078,115.0,144.26711336961034,108.07404868885037,144.9310180741169,144.66858677681205,135.5949851580065,116.03878661895772,165.77394246382633,197.60819821049935,220.43593173527768,116.52038448271615,167.0029939851379,198.16155025635018,221.50846484954022,113.6001760562016,155.42522317822161,184.43969204051496,206.2862089428181,okay

0,52.630789467763066,82.68010643437755,110.67971810589327,136.75159962501354,105.23307464861035,134.4953530795767,135.67977004697494,131.48764200486676,108.664621657649,158.0,183.7879212570837,205.35335400231475,108.85311203635843,160.79800993793424,189.16923639957952,209.0095691589263,109.04127658827184,148.66068747318505,175.2512482123879,194.74342094150447,okay

0,52.15361924162119,90.87353850269065,124.78781991845197,157.19096666157378,110.42191811411355,147.48898263938224,149.4824404403407,143.95138068111746,117.72000679578642,166.54428840401582,194.50449866262733,212.00235847744713,117.74548823628021,170.06175348972502,199.84243793548956,221.18318200080222,114.06138698087096,157.09869509324386,185.6582882609877,207.78113485107352,okay

0,55.47071299343465,97.04638066409278,130.59862173851607,162.7912774076056,124.19742348374221,162.00308639035245,164.97575579460153,158.7734234687909,126.01983970788092,177.02542190318317,207.76188293332345,230.63390904201404,123.76186811776881,175.55910685578235,206.08736011701444,229.0589443789524,117.44360348695028,157.9271984174987,186.11824198610947,209.95475703112803,okay

0,49.49747468305833,94.81033698917012,133.4541119636259,168.5852899869974,124.01612798341996,163.11039206623224,165.5203914930121,161.13658802394943,132.74034804836094,183.0027322200409,212.24985276791125,233.57439928211312,133.41664064126334,185.43192821086663,218.14673960433146,243.16660954991332,126.28935030318273,172.04650534085255,203.9730374338726,228.52789764052878,okay

0,51.54609587543949,94.41398201537736,131.24404748406687,160.0312469488381,105.19030373565806,142.88806808127822,149.80654191322887,147.18695594379278,111.6288493177279,155.3479964466874,181.8350901228913,200.24984394500785,114.6298390472568,158.90248582070703,187.85632808079689,210.02142747824567,116.96580696938743,154.39235732380018,178.0028089666003,196.4993638666548,okay

0,63.28506932918696,129.41792766073794,186.63868837944614,208.4034548657963,164.39586369492392,214.6928037918365,208.1465829649865,188.7882411592417,167.88686666919483,235.05318547086316,276.00724628168734,314.8158191705112,165.04847772699995,225.01999911119012,264.2290672882149,296.7439974119106,157.69590990257166,200.44949488586894,228.8864347225497,254.16726775885206,okay

0,62.03224967708329,101.53324578678651,136.40014662748717,169.49631264425784,123.82245353731285,166.35203635663737,167.10774967068403,159.53056133543816,126.11502686040232,182.00274723201295,210.06903627141244,232.28000344411913,122.56018929489298,184.44782460088814,216.3631207022121,241.20530674095875,117.65202930676547,163.98170629676957,193.42440383777844,220.9886874932742,okay

0,48.16637831516918,94.36630754670864,131.24404748406687,158.7765725792064,115.37764081484765,151.43315356948756,163.2666530556684,161.47445618425226,118.1397477566293,170.42593699317015,204.36486977951958,234.10467744152402,114.5294721894762,159.88120589988054,187.62729012593024,209.95475703112803,108.25894882179486,140.42791745233566,158.8584275384847,173.9798838946618,okay

0,45.17742799230607,90.9065454189081,128.76334882255898,162.64070831129578,111.68258592994702,149.164338901763,159.66527487215245,159.80613254815975,121.80722474467596,171.04970037974343,205.08047201037937,234.95744295510198,122.494897852931,173.04623659588788,207.0869382650678,235.54405108174564,118.27087553578015,159.76545308670458,187.84035775093702,212.08488866489287,okay

0,62.369864518050704,120.88010589009261,172.04650534085255,212.34876971623828,147.50254235097103,195.72429588581997,209.990475974507,211.29363454680788,157.05094714773293,215.23243250030885,253.6631624812716,288.6884133456,158.8584275384847,218.67327225795108,258.7740327003465,291.171770609721,155.6181223379848,204.91949638821583,239.459808736247,269.51994360343724,okay

0,64.4437739428721,127.94530081249565,180.0999722376436,226.74434943345335,161.11176245079065,214.23818520515897,221.46105752479374,219.8635940759634,169.1892431568863,232.07757323791543,270.1481075262235,299.8616347584332,167.1944975171133,236.32604596192948,280.3016232560918,315.0063491423625,159.10059710761615,216.48094604375694,256.8462575160479,289.71192588500736,okay

0,42.5440947723653,82.21921916437786,102.57680049601859,123.97580409095961,137.32079230764728,192.31484602078956,227.2201575564985,256.3298656028985,133.75350462698165,197.9419106707824,237.56472802164888,267.9776110050987,119.06720791217035,145.49570440394453,109.04127658827184,83.93449827097318,102.48902380255166,112.44554237496477,81.05553651663777,58.309518948453004,peace

0,44.27188724235731,82.37718130647589,107.5174404457249,130.59862173851607,129.37542270462347,178.3704011320264,208.54256160314134,234.95531490051465,124.45481107614924,183.3930205869351,220.05681084665386,250.83859352181037,113.11056537742175,139.01438774457844,107.35455276791944,85.42833253669417,95.90099061010788,105.38026380684383,82.85529554590944,66.03029607687671,peace

0,48.16637831516918,88.32326986700618,112.58774356030055,128.01562404644207,125.57467897629681,175.231275747225,204.08821622033938,229.0349318335524,122.18837915284743,181.8048404196104,219.45614596087302,247.8911051248108,111.7899816620434,143.68020044529447,120.66896867049125,100.17983829094555,100.60318086422517,117.64777940955791,96.79876032264049,76.48529270389177,peace

0,59.64059020499378,108.4665847162157,140.03570973148243,169.5464538113375,151.7003625572464,207.23416706711276,240.9502023240487,267.4714938082187,149.25481566770299,212.79332696304178,253.58430550804994,283.1960451701259,139.00359707575916,187.0,188.67962264113208,182.3211452355431,130.04999038831184,162.77899127344412,172.10461934532728,176.47946056127893,peace

0,47.75981574503821,90.0,112.0044641967453,139.2838827718412,164.75436261295178,224.8288237748888,262.8003044138267,292.60553651631403,160.11246047700348,230.26940743398808,272.5233934912744,306.360898288277,143.4015341619468,178.89941307897016,137.53908535394584,107.00467279516349,124.90396310766124,151.0132444522665,120.20399327809372,92.43916918709297,peace

0,50.24937810560445,95.1892851112981,117.63077828527702,144.1700384962146,163.76812876747417,224.4147945212169,259.9249891795708,287.862814548875,157.45793088949188,229.83689869122406,270.65845636151846,302.8398916919632,140.52046114356443,175.3909917869216,134.72935834479432,105.01904589168576,119.20151005754919,146.18481453283715,116.66190466471906,91.59148432032315,peace

0,40.85339643163099,79.02531240052139,103.46980235798269,128.3627671873741,125.89678312014172,177.2484132510077,208.0192298803166,233.54871012274933,122.80065146407001,185.58555978308226,222.25210910135362,249.6116984438029,111.07204868912791,138.4629914453678,105.34229919647663,81.39410298049853,96.54014708917737,109.07336980216573,84.17244204607586,63.694583757176716,peace

0,43.18564576337837,81.93289937503738,111.01801655587259,137.18600511714013,113.00442469213318,156.7226850203888,180.5602392554906,200.8706051168264,114.10959644131601,176.58142597679972,206.86710710018642,230.9502110845539,107.35455276791944,153.1012736720371,123.22743201089601,97.18538984847466,97.29337079164233,118.10588469674151,96.56603957913983,76.60939890117922,peace

0,50.24937810560445,97.04638066409278,121.41251994749142,150.20652449211386,150.20652449211386,204.07106605298068,234.47814397081873,259.50915205441214,144.88616221019868,208.6911593719293,244.23349483639626,271.9797786601055,129.9730741346068,168.6801707374047,129.0658746532173,100.84145972763385,113.44161493913951,142.35167719419397,114.16216536138407,89.1852005660132,peace

0,65.60487786742691,118.06777714516353,154.1557653803451,181.60396471443016,154.02921800749363,215.08137994721903,250.15395259719563,280.7774919754075,151.79591562357663,220.83930809527547,260.24795868555816,292.2259399848001,142.0563268566381,202.00990074746338,173.64907140552177,141.05672617780408,130.64838307457157,171.0204666114556,153.32644912082193,127.09838708654017,peace

0,41.10960958218893,89.69392398596462,121.37956994486346,157.78466338652817,139.31618714277246,200.89798406156294,237.6930794112441,267.4210163767986,135.4843164355196,200.19240744843447,241.75400720567177,278.4690287985362,123.664869708418,171.40595088852663,153.9415473483361,139.12943613772032,109.00458705944443,134.34656675925888,146.4137971640651,161.13658802394943,peace

0,47.43416490252569,88.50988645343524,119.50313803411188,149.6262009141447,132.90974381135493,191.17531221368517,226.38462845343543,256.03515383634334,128.79829191413992,197.6866206904251,239.73318502034715,271.93565415369864,115.44695751729449,150.2165104108067,156.0833110873805,158.3729774930054,100.00499987500625,122.3315167894194,128.70508925446578,133.3604139165742,peace

0,46.04345773288535,85.70297544426332,113.87712676389407,139.46325680981354,129.98846102635417,186.51005334833832,216.9331694324314,243.38652386687312,124.4025723206719,188.13027401245128,229.01964981197574,260.0,112.14722466472365,139.00359707575916,135.79396157414365,133.80956617521784,97.49871794028884,113.9912277326637,122.20065466273084,132.21951444472938,peace

0,50.99019513592785,99.29753269845128,131.91285001848757,156.16017418023074,147.31259280862582,207.15211801958483,241.3379373409825,270.12959852633696,145.03103116229988,214.75567512873786,255.03921267130667,283.5912551543154,134.5362404707371,187.57931655702342,168.01190434013895,143.8923208513922,120.70211265756701,162.5207679036744,155.16765126791086,138.00362314084367,peace

0,60.37383539249432,120.41594578792295,154.92256130079957,181.66177363441105,183.96195258802837,251.2946477742811,290.73871431235295,322.49030993194197,180.646062785769,257.8158257361251,300.2615526503518,333.9715556750305,165.77394246382633,229.36651891677653,195.5632889885011,160.72336482291553,146.11296999240005,191.02355875650522,169.95587662684687,140.24621207005913,peace

0,49.24428900898052,92.91393867445294,125.25573839150046,150.0,140.356688476182,199.42166381815193,236.10379073619296,266.33249895572266,138.15932831336434,209.68786326347075,250.79274311670184,284.0176050881353,127.67536959022284,181.46349495146399,165.92166826548,148.69095466772686,113.00442469213318,156.69716015295236,152.73833834371774,140.00357138301865,peace

0,58.83026432033091,108.90362712049586,133.71985641631537,158.68522300453813,169.24833824885843,233.62362894193728,270.60118255469615,302.7887052054617,165.33904560024533,238.67970169245646,281.710844661685,315.6342820417326,151.40013210033868,208.47062143141417,180.17769007288334,148.49242404917499,133.4541119636259,178.10109488714548,166.97305171793442,146.05478424207814,peace

0,32.0,58.18934610390462,77.82673062643708,95.1892851112981,80.72174428244226,117.5925167687128,137.44089638822936,153.91231269784754,79.40403012442127,122.15563842901399,149.56269588369955,169.0,71.69379331573968,103.4456378974,92.84934033152847,82.3286098510111,63.60031446463138,89.06739021662193,85.14693182963201,77.46612162745726,peace

0,18.788294228055936,35.38361202590826,44.91102314577124,58.309518948453004,74.94664769020693,106.6770828247567,127.1416532848303,142.70599146496969,73.08214556237385,106.73331251301067,129.24782396620841,146.972786596703,67.1863081289633,87.0,78.10249675906654,69.26037828369117,59.841457201508724,75.7099729229908,72.78049189171504,65.73431371817918,peace

0,30.675723300355934,54.817880294662984,70.178344238091,86.92525524840292,91.23595782365635,127.76932339180638,150.28306624500314,168.86681142249356,86.88498144098322,129.65338406690356,157.3848785620779,179.13681921927719,76.02631123499285,98.18350166906862,75.7099729229908,59.135437767890075,63.89053137985315,75.32595834106593,59.135437767890075,46.87216658103186,peace

0,37.33630940518894,71.06335201775948,97.67292357659824,123.06502346320826,93.23089616645332,134.07833531186162,156.0,174.38463235044537,91.59148432032315,143.54441821262157,173.80736463107655,197.0,86.00581375697809,120.07497657713701,104.65180361560904,92.20086767487604,77.10382610480494,99.6393496566492,90.87353850269065,79.63039620647382,peace

0,46.238512086787566,82.73451516749222,104.80935072788114,114.48143954370944,104.93807697875924,156.11534197509224,189.0026454841307,213.0211257129208,100.31948963187563,156.32018423735306,189.76301009416983,214.88834309938733,93.30058949438637,129.84991336154215,114.03946685248927,99.04544411531506,89.40357934669059,114.58621208504974,101.86265262597475,89.1403387922662,peace

0,62.81719509815764,109.07336980216573,134.34656675925888,149.48578527739687,141.50971698084905,201.00995000248122,231.48650068632512,252.24194734421155,139.30183056945089,208.33866659840174,244.53425117966603,268.79360111431225,133.70115930686615,178.01685313475238,161.9783936208777,142.87407042567241,130.41855696180662,161.72198366332265,150.0133327407934,132.94359706281458,peace

0,48.84669896727925,91.6624241442479,117.71151175649729,135.76818478568535,107.8702924812944,172.5688268488837,209.28927349484493,238.17010727629108,98.41239759298622,172.20046457544765,213.60009363293827,245.42208539575245,93.1074647920348,152.5319638633162,135.1184665395519,115.48592987892508,94.11163583744573,133.68619973654722,119.33147112141039,103.47946656221224,peace

0,59.61543424315552,113.56936206565572,155.08062419270823,185.64751546950473,150.7647173578752,215.44836968517538,257.00583650960147,290.423828223512,139.61733416735902,213.5883891975404,259.4532713226025,293.97278785629123,123.90722335683259,180.24705268048075,163.29421300217592,142.6639407839276,111.8257573191436,161.27616066858735,146.1642911247477,126.53062870309307,peace

0,39.11521443121589,72.49827584156743,94.26027795418386,115.83609109426992,129.20139318134306,177.2004514666935,206.00970850908945,230.05434140654683,122.9186723000212,184.20097719610501,221.00904958847272,250.04999500099976,107.35455276791944,120.30378215168466,87.23531395025755,68.8839603971781,90.2551937563706,100.89598604503551,75.69015788066504,60.166435825965294,peace

0,47.43416490252569,91.60785992479029,122.88612614937456,152.31546211727817,149.57606760441325,199.75234666956982,231.91808898833224,258.3118270617898,144.40221604947757,198.59506539690256,231.5879962346926,257.1633721975196,129.76902558006668,166.94010902116963,137.88400922514546,114.06138698087096,113.77170122662314,145.34441853748632,123.69316876852982,103.16006979447037,peace

0,51.894122981316485,96.26006440887103,126.58988901172162,151.16877984557524,133.96268137059664,190.30764566879597,224.1428116179504,252.1606630701942,132.60844618650805,197.80040444852483,234.71898091121648,263.8730755495907,121.80722474467596,154.7804897265802,118.29623831720095,88.54377448471462,110.81967334368028,134.00373129133382,106.38138934982942,82.73451516749222,peace

0,48.104053883222775,94.81033698917012,118.4229707446997,148.22280526288793,152.47294842036735,211.94574777522666,245.89835298350414,273.80650101851126,144.68241081762497,215.19526017085042,255.89450951515158,287.89234098878006,130.17296186228538,166.0873264279969,124.95199078045935,95.524865872714,114.40279716860073,143.56183336806478,112.36102527122117,86.03487664894976,peace

0,51.61395160225576,99.6393496566492,125.35549449465708,152.41062955056645,160.0781059358212,223.3942702935776,262.43475379606264,293.71074205755565,153.05227865013967,229.01964981197574,275.0163631495406,309.02588888311607,136.8941196691808,167.29913329123974,126.3210196285638,97.16480844420988,120.30793822520607,141.66156853571826,107.67079455451233,80.09993757800315,peace

0,57.48912940721924,107.11675872616759,151.11915828246265,185.87361297397757,135.69450983735487,186.31693428134759,219.31712199461307,244.6752950340512,134.35028842544403,133.05637902783917,115.26057435220423,99.76472322419383,124.03628501370073,117.66052864066182,102.39628899525607,87.13208364316786,117.63077828527702,111.40017953306898,96.30160954002794,84.17244204607586,smile

0,49.678969393496885,106.66770832824712,156.97452022541748,194.07730418572905,134.00373129133382,185.4427135263071,216.10414156142403,242.0433845408711,123.45444503945575,142.12670403551894,100.31948963187563,77.1621668954417,112.76967677527502,120.74767078498864,80.00624975587844,60.207972893961475,106.77546534667971,111.28791488746656,77.80102827083971,61.032778078668514,smile

0,44.181444068749045,80.22468448052632,111.44954015158609,136.09188072769072,101.91172650877817,143.22360140703069,170.01764614298128,189.0026454841307,101.87246929372037,101.96568050084302,87.70974860299168,76.66159403508382,94.92101980067429,89.98888820293314,78.587530817554,67.446274915669,90.0499861188218,83.00602387778854,73.02739212103907,64.07027391856539,smile

0,43.829214001622255,87.0,123.10970717209915,149.4590244849738,117.63077828527702,167.08381130438698,196.25493624365222,219.02054698132775,115.06954418958998,135.51752654177244,115.52056094046635,95.88534820294495,107.28000745712129,125.7179382586272,109.77249200050075,92.11405973031478,102.41581909060729,117.66052864066182,103.73041983911952,87.92041856133307,smile

0,45.79301256742124,86.53900854527974,118.4736257569591,142.35167719419397,113.05308487608819,155.59562975867928,183.09560344257315,203.39370688396434,114.38968484964018,111.51681487560519,93.29523031752481,79.25906888173743,106.7941945987702,100.40916292848975,86.97700845625813,74.96665925596525,103.4456378974,102.95630140987001,89.47066558375433,79.1580697086532,smile

0,43.41658669218482,83.60023923410746,121.69634341261039,149.96666296213968,101.35580891098448,137.0,158.41717078650282,176.1050822662424,101.13851887386922,91.28526715741155,75.0066663703967,64.66065264130884,93.53608929178085,81.98780397107853,69.1158447825099,59.36328831862332,90.70832376358854,79.30952023559341,66.70832032063167,58.249463516842795,smile

0,41.43669871020132,80.36168241145776,116.3872845288522,143.40502083260543,101.01980003939822,138.2244551445221,161.0496817755316,179.62739212046696,99.36800289831733,100.22474744293447,81.78630692236935,68.6804193347711,92.43916918709297,93.00537618869137,78.16009211867653,66.06814663663572,89.62700485902673,92.44457799135652,79.37883848986453,67.06713054842886,smile

0,41.773197148410844,73.24616030891995,105.23307464861035,127.1927670899568,82.3286098510111,112.80514172678478,131.01526628603247,145.60906565183365,80.99382692526635,82.37718130647589,69.20260110718382,57.38466694161429,74.04052944165107,69.28924880528002,57.0087712549569,47.16990566028302,72.0,65.03076195155643,55.00909015790027,46.04345773288535,smile

0,34.539832078341085,70.49113419430843,100.72239075796404,123.1665539016173,95.85405573057407,133.6637572418193,158.8584275384847,179.20100446147057,96.1041102138717,97.18538984847466,82.49242389456137,70.178344238091,90.0499861188218,87.36131867136622,75.27283706623525,63.60031446463138,86.97700845625813,86.45229898620394,74.06078584514209,62.68173577685928,smile

0,42.7551166528639,76.10519036176179,111.0,138.05795884337854,94.62557793746889,130.8166656049603,151.6443206981389,169.14490828872147,92.00543462209176,99.48869282486326,84.86459803710851,70.09279563550022,85.44003745317531,83.64807230295268,69.83552104767315,57.30619512757761,84.29116205154607,76.48529270389177,65.11528238439882,55.44366510251645,smile

0,61.84658438426491,108.67382389517726,151.5585695366646,183.7879212570837,117.83462988442744,156.20499351813308,179.62739212046696,195.97193676646665,111.8659912573969,110.39021695784459,98.40731680114035,88.60022573334675,97.50897394599124,96.02083107326243,83.24061508662703,70.60453243241541,87.96590248499699,82.86132994346639,70.83784299369935,58.9406481131655,smile

0,51.478150704935004,93.60555539069249,136.34148304899725,168.46661390317072,114.49017425089369,153.8440769090575,176.50212463310464,193.45800577903205,113.00442469213318,110.98198051936178,90.82400563727631,78.29431652425353,104.01922899156675,98.29038610159185,81.39410298049853,66.52818951391959,102.69371937952194,93.94147114027967,78.29431652425353,65.7419196555744,smile

0,67.23094525588644,123.96773773849388,173.1588865753069,209.87615395751848,143.58969322343438,188.35339126227592,217.0921463342237,237.7940285204824,139.34489585198304,136.69308687713507,119.80818002123227,104.62313319720452,124.86793023030373,119.63277142990545,102.9417310909429,86.45229898620394,113.22543883774529,105.30906893520614,90.47098982546837,75.39230729988306,smile

0,61.40032573203501,124.61942063739504,172.40939649566667,205.22183119736556,158.61904047118682,217.50632174720806,255.89450951515158,284.01584462842914,148.2194319244275,191.19100397246729,167.1556161186336,141.79210133149166,134.2609399639374,184.10051602317685,164.2224101637776,138.49548729110273,126.39620247459969,175.55910685578235,160.31219541881399,136.36715146984628,smile

0,60.8276253029822,124.00403219250575,173.04623659588788,209.0861066642162,158.02847844613325,223.29352879114074,263.2299375071156,293.20982248212624,149.21461054467824,202.23748416156684,176.18456232031227,147.10540438746634,138.19189556555045,193.0932417253385,172.80335644888382,145.3409783921933,132.00378782444085,180.70141117323905,162.96318602678338,138.7984149765407,smile

0,45.5411901469428,94.33981132056604,136.0588108135596,167.20047846821492,79.05694150420949,140.06427096158393,173.67786272291585,198.2145302443794,72.86288492778748,129.18978287774928,121.75795661885921,103.24727599312246,76.05918747922567,125.60652849274993,113.14592347937243,96.89685237405806,86.88498144098322,120.93386622447825,110.13627921806692,96.74709297958259,smile

0,55.362442142665635,101.43470806385751,145.27904184706065,179.0111728356641,126.57013865837392,173.761330565808,201.62589119455865,221.35265979879256,124.73972903610141,138.4088147481944,127.8632081562167,113.37107214805724,114.5294721894762,123.3288287465668,111.03603018840326,94.92101980067429,107.56393447619885,107.91200118615167,95.71833680126291,81.30190649671138,smile

0,50.21951811795888,92.43916918709297,135.29966740535616,168.1071087134628,103.24727599312246,151.38031576133008,179.655225362359,202.63267258761604,100.00499987500625,133.6899397860587,122.0245876862528,105.0,95.75489543621255,120.10412149464314,107.00467279516349,90.60353193998566,96.1041102138717,110.16805344563369,97.50897394599124,83.773504164503,smile

0,56.92099788303083,99.50376877284599,139.0,171.011695506477,123.82245353731285,166.6043216726385,193.75241933973368,212.51352898109803,122.57650672131263,123.10970717209915,107.5174404457249,91.35097153287424,113.59577456930342,109.9317970379817,96.25487000666512,80.45495634204272,107.8702924812944,100.42410069301094,88.76936408468859,77.46612162745726,smile

0,50.08991914547278,96.42095207992918,140.73023839957068,171.97674261364529,124.03628501370073,177.55280904564702,209.74508337503408,236.81427321848656,120.96693763173474,150.71164520368026,131.47243057006287,112.92475370794483,111.89280584559492,133.9290857132983,117.47765745025733,99.46356116689167,106.73331251301067,126.57013865837392,110.04090148667449,93.00537618869137,smile

0,62.00806399170998,122.18428704215611,175.17134468856486,215.3369452741447,153.05227865013967,215.62931155109686,254.82543044209697,282.0655952079232,148.22280526288793,178.1937148162078,155.92626462530293,131.48764200486676,138.92443989449805,169.1685549976709,150.05332385522155,126.08727136392476,135.07405376311175,161.01242188104618,143.19916200872126,122.18837915284743,smile

0,55.362442142665635,110.4943437466371,158.48343762046557,196.562967010574,132.32157798333574,189.21152184790438,224.98444390668436,254.40322325002094,121.49485585818027,172.12204972053988,152.3975065412817,127.57742747053649,108.4665847162157,155.72411502397438,137.05838172107534,112.16059914247963,102.0196059588548,143.58969322343438,125.60254774486066,104.5609869884557,smile

0,73.76313442364011,122.80065146407001,178.84350701101786,216.48094604375694,153.79206741571556,200.4120754844877,226.947130407062,248.65437860612872,143.96180048887967,180.60177186284747,135.91173606425605,107.33126291998991,130.11533345459327,164.26807358704855,121.63058825805291,95.90099061010788,112.8716084761797,150.23315213360866,119.54078801814885,97.6165969494942,smile

0,51.088159097779204,114.38968484964018,163.5145253486674,201.2411488736834,147.13938969562162,196.42046736529267,230.07824755939012,260.30943125442076,142.21462653327893,123.71337841963576,82.20097323024831,67.89698078707183,130.17680284904833,95.26804291051643,58.52349955359813,57.688820407423826,121.8031198286809,90.82400563727631,59.941638282582836,56.938563381947034,smile

0,52.3450093132096,112.69871339105873,156.7322557739791,190.7065809037538,133.00375934536586,176.08236708995025,206.65188119153427,232.84758963751375,129.1200991325518,103.4842983258813,75.8023746329889,64.03124237432849,115.96551211459379,68.35202996254024,45.89117562233506,46.09772228646444,104.9952379872535,59.464274989274024,38.18376618407357,38.28837943815329,smile

0,79.20227269466452,143.38758663147937,203.0369424513677,244.80604567698077,182.8578683021324,242.53865671269807,277.39682766751315,308.02921939322573,174.04022523543227,230.58620947489467,187.18172987767795,150.5257453062432,161.9876538505327,216.61486560252507,174.07182425654074,138.92443989449805,150.74813431681335,203.0,179.96110690924303,151.9802618763371,smile

0,64.25729530566937,128.08200498118384,185.129684275645,229.83689869122406,170.07351351694948,227.24656213021134,266.2480046873591,298.3990616607231,158.54967675779096,192.35384061671346,135.41787178950938,101.35580891098448,147.27525250360293,175.0114281982751,122.44182292011173,94.92101980067429,136.61625086350452,170.66048165876012,133.41664064126334,108.2266141020775,smile

0,61.741396161732524,125.13193037750197,170.84788555905513,209.86185932655795,145.33065746772084,211.30073355291506,247.94555854057964,280.14639030335553,132.07573584879245,164.24676556937126,125.87692401707312,102.00490184299969,114.86513831445988,100.0,63.89053137985315,51.478150704935004,96.20810776644555,67.60177512462228,39.05124837953327,34.713109915419565,smile

0,66.03029607687671,139.71399357258383,194.64069461446135,234.6955474652214,174.72263734273244,238.46173697262208,278.25887227544064,310.81344887247076,162.49615380063616,207.53794833716555,152.16109883935513,113.03096920755833,148.60013458944107,170.41420128616042,113.53413583587978,84.11896337925236,141.15594213493105,157.26728839781018,114.10959644131601,90.78546139112804,smile

0,58.54912467321779,112.04017136723775,164.0,202.12125073826354,142.3938200906205,200.124960961895,234.76371099469355,261.8167297939534,138.62178760930766,157.00318468107582,134.2013412749664,110.63453348751464,128.2809416865966,139.0898989862312,120.42009799032718,97.57561170702442,125.41929676090518,130.8166656049603,111.15754585272202,92.43916918709297,smile

0,56.08029957123981,110.5350623105628,152.95751043999115,183.65728953678914,144.40221604947757,157.19096666157378,139.94641831786907,123.08127396155761,133.41664064126334,149.34523762075577,133.37541002748594,114.73883387938018,120.50726119201282,139.17614738165446,121.80722474467596,101.40019723846694,111.15754585272202,122.12288892750614,106.6255128944288,86.97700845625813,thumbsup

0,52.55473337388365,111.8257573191436,152.97058540778355,182.1647605877712,135.05924625881784,164.92422502470643,146.8945199794737,128.79829191413992,113.81124724736128,153.05554547287727,132.7742444904131,113.22543883774529,93.04837451562494,137.17871555019022,118.00423721205946,98.41239759298622,80.02499609497022,122.48265183282079,106.30145812734649,85.15867542417507,thumbsup

0,54.78138369920935,121.07848694132248,164.76953601925328,198.47921805569467,124.39051410778879,156.82155464093577,135.66502865514016,119.5198728245642,90.91754506144565,137.88400922514546,117.27318534089538,96.25487000666512,59.39696961966999,121.80722474467596,101.20276676059801,78.43468620451031,41.593268686170845,102.0196059588548,88.02272433866155,64.03124237432849,thumbsup

0,56.04462507680822,120.33287165193059,165.41160781517118,200.33971149025845,132.61221663180206,166.48123017325406,145.82523787054146,126.49110640673517,106.96261028976434,155.90060936378666,134.40610105199838,111.08555261599052,85.0881895447306,137.93114224133723,117.42657280190033,94.2019108086455,75.05997601918082,123.58397954427588,104.08650248711405,80.62257748298549,thumbsup

0,76.40026177965623,154.02921800749363,206.77040407176264,249.09837414162303,151.08275877809487,190.14205216100936,168.2914139223983,147.12239802287073,110.21796586763884,166.33099530754933,146.01369798755184,122.42957159118053,68.15423684555495,139.0898989862312,118.70130580579136,96.25487000666512,40.311288741492746,118.45674315968678,104.7377677822093,78.85429601486528,thumbsup

0,87.5728268357257,173.11845655504212,232.84758963751375,272.27375929384016,205.11703976023054,246.28844877500853,185.84133017173548,149.37536610833797,196.45864704817652,245.3507693079441,166.88319268278636,130.17680284904833,187.7471704180918,228.53008554673934,148.51935900750448,117.33712115098103,181.54062906137568,205.75956842878534,148.92951352905172,127.3459854098275,thumbsup

0,89.02246907382428,192.1067411623028,268.0242526339734,321.0809866684728,232.63920563825866,241.2488341940744,177.4288589829738,160.60199251565965,220.29071700822982,230.00869548780108,150.86417732516887,142.52368224263643,207.87015177749788,223.86156436512275,146.44111444536333,130.3878828726044,198.0,211.00236965494014,156.11534197509224,141.7956275771577,thumbsup

0,90.52071586106685,179.4017837146554,246.33716731342025,309.97419247414774,228.2126201593593,173.62603491412224,124.95199078045935,111.97321108193691,213.00234740490538,133.9589489358587,86.35392289873113,88.23264701911646,191.98176996788,111.07204868912791,58.66856057549052,63.51377803280167,178.04493814764857,122.58874336577564,74.96665925596525,67.1863081289633,thumbsup

0,79.7057087039567,156.92354826475216,223.0201784592596,287.0905780411471,177.2794404323299,137.6117727521886,116.77756633874505,101.6366075781753,150.65523555456014,78.77182237323191,66.40030120413611,53.46026561849464,123.97580409095961,22.80350850198276,19.4164878389476,7.810249675906654,116.90166808048549,53.41348144429457,41.19465984809196,40.70626487409524,thumbsup

0,67.4166151627327,130.51053597315428,183.88311504866346,223.64704335179573,174.73408368146153,179.0111728356641,150.05332385522155,130.61393493804556,164.80594649465777,168.51409436602032,142.55525244620065,120.22063050907694,152.64337522473747,160.25292509030842,138.43771162512041,113.1591799192624,146.50938536489735,150.28306624500314,128.08200498118384,107.83784122468327,thumbsup

0,60.00833275470999,118.20744477400736,165.71059109181888,200.9601950635996,156.236999459155,159.53056133543816,135.67977004697494,117.78370006074695,147.73286702694156,151.42654985173505,131.52946437965906,112.58774356030055,136.49908424601244,145.00344823486094,127.06297651164952,108.00462953040486,129.0968628588627,138.10141201305655,118.12705024675762,101.20276676059801,thumbsup

0,55.46169849544819,118.96217886370441,169.0562036720333,207.74022239325728,144.20124826089406,177.5894140989265,158.2308440222702,140.42791745233566,120.21647141718975,168.2914139223983,146.32156368765337,123.76186811776881,96.04165762834376,149.85659811966906,129.0348790056394,106.30145812734649,80.89499366462674,130.24976007655445,112.80514172678478,92.57429448826494,thumbsup

0,73.49829930005184,136.4734406395618,183.98097727754356,223.0807028857494,127.88275880665071,147.20054347725758,127.31457104353767,111.73182178770737,82.97590011563598,120.15406776301833,99.31767214348109,83.09632964216891,39.6232255123179,94.42986815621421,76.53103945458993,52.92447448959697,2.0,75.96051605933177,61.40032573203501,33.734255586866,thumbsup

0,73.68174807915459,146.66969693839283,201.1591409804685,250.09798079952586,178.08986495586996,145.5609837834301,114.15778554264269,101.11874208078342,163.02760502442524,106.10372283760829,81.39410298049853,77.83315488916018,141.85203558638133,72.18032973047436,48.54894437575342,54.48853090330111,125.57467897629681,64.00781202322104,37.013511046643494,39.11521443121589,thumbsup

0,73.54590403278758,164.02743672934722,231.36551169091732,285.4767941532201,208.0600874747485,192.04166214652486,147.24808997063425,142.52368224263643,200.5243127403757,165.8010856418015,112.43220179290273,123.79418403139947,186.01075237738274,148.7615541731129,96.46242791885346,108.07867504739313,179.02513789968157,151.47607071745688,107.46627377926528,108.0,thumbsup

0,84.34453153583817,180.01111076819674,250.19992006393608,300.8803749000589,214.11445537375565,230.09780529157595,174.13213373757299,156.97770542341354,206.20620747203515,207.45360927204905,143.1258187749506,139.31259813814398,190.51771571168914,179.38784797192923,119.6202324023825,124.25779653607253,177.55280904564702,160.85397104206038,117.38824472663352,123.2233744059949,thumbsup

0,67.446274915669,136.23509092741122,187.0106948813356,236.03389587091087,162.265215003093,122.00409829181969,100.0199980003999,93.64827814754524,146.18481453283715,76.94153624668537,63.387695966961914,68.00735254367721,127.57742747053649,42.5440947723653,22.360679774997898,34.655446902326915,114.9826073804208,51.884487084291386,29.698484809834994,30.4138126514911,thumbsup

0,76.48529270389177,155.6181223379848,216.9815660373019,255.8124312851117,192.85486771144772,223.6000894454204,195.74728606036916,173.85051049680584,175.16278143486988,213.06337085477645,185.9704277566732,160.85397104206038,158.8238017426859,196.01020381602586,171.23667831396403,146.00342461736986,148.35430563350698,183.1829686406463,159.5900999435742,134.61797799699713,thumbsup

0,80.95677859203639,159.0125781188394,219.18029108475972,259.65554105391243,182.25805880673698,221.56263222845138,193.35201059208046,170.83617883809038,155.68236894394946,210.6418761785035,182.64993840677855,155.95512174981621,134.4953530795767,191.0026177831079,165.07574019219177,137.01459776242822,123.1665539016173,171.60710940983768,149.164338901763,123.45444503945575,thumbsup

0,75.66372975210778,146.00342461736986,203.19940944796076,240.14162487998618,189.70766985021982,194.20092687729377,165.0,143.12232530251876,181.289823211343,187.01871564097536,161.5239920259526,138.6001443000692,170.89177862027185,178.1937148162078,156.41611170208776,133.25539388707685,164.1584600317632,171.1286066091815,149.57606760441325,129.34063553268942,thumbsup

0,74.43117626371358,146.696966567138,202.05444810743464,238.53720883753127,185.84133017173548,203.06649157357302,177.6091213873882,153.8083222715858,170.42593699317015,198.72594194015034,173.5194513592064,145.98972566588375,156.18578680533003,180.5796223276591,157.96518603793686,132.5028301584536,147.29901561110313,164.77863939236784,143.22360140703069,120.33702672078948,thumbsup

0,63.56099432828282,122.18837915284743,170.95028517086482,207.06037766796427,155.0,166.01204775557707,144.51643505151932,128.16005617976296,146.26346091898688,154.042202009709,133.9589489358587,115.91807451816995,132.9812016790343,150.00333329629711,132.24220203853233,115.0173899895142,124.14507642270796,146.8911161370898,133.9290857132983,121.16517651536682,thumbsup

0,69.31810730249349,143.1258187749506,199.24858845171275,241.4787775354182,192.80041493731284,214.00934559032697,191.60636732634956,168.5734261382855,176.64937022248338,204.41379601191306,182.13456563760764,157.25775020646836,156.95222202950808,192.31484602078956,170.55790805471318,144.25671561490648,143.42245291445826,175.11139311878026,154.63828762631846,130.91982279242512,thumbsup

0,60.37383539249432,114.28035701729323,161.4187101918486,194.50963986394095,147.648230602334,144.31216164966833,122.19656296312102,105.60303025955268,140.91841611372163,140.29255147726127,120.07081243999309,100.62305898749054,133.0338302838793,135.44740676735012,118.71394189394942,99.40824915468535,128.84486796143648,133.4541119636259,115.16944039110375,98.43271813782245,thumbsup

0,66.2872536767062,134.46932735757994,184.66456075814872,221.92341021172146,175.32826355154492,185.9704277566732,159.02201105507376,138.85243966167826,163.95426191471816,179.13681921927719,153.46986674914396,131.01526628603247,150.00333329629711,170.51979357247652,147.52626884728022,123.0,139.71757226634023,161.24515496597098,139.5313584826006,117.6860229593982,thumbsup

0,57.723478758647246,123.64869590901475,174.9085475327035,213.43148783626094,151.47607071745688,185.88437266214714,160.86329600005092,142.63590010933433,127.47548783981962,177.61193653580833,151.3968295572929,128.50291825480073,104.0096149401583,160.80111939908875,134.937022347464,111.97321108193691,88.84255736976509,139.05754204644924,117.00427342623003,94.13288479590966,thumbsup

0,85.47514258543241,163.98170629676957,223.59114472626146,277.7804888756588,153.0,155.12897859523216,140.356688476182,120.7393887677091,101.6366075781753,117.13667231059623,102.0,77.98717843338096,51.40038910358559,82.87339742040264,75.32595834106593,43.829214001622255,33.24154027718932,67.54257916307313,67.4166151627327,39.56008088970496,thumbsup

0,83.60023923410746,171.1899529762188,235.23605165875404,283.67763394388356,174.15223225672418,216.78099547700208,187.94946129212502,164.02743672934722,120.22063050907694,187.84035775093702,158.4455742518547,127.47548783981962,67.26812023536856,155.32224567009067,130.01538370516005,96.62815324738438,34.0147027033899,131.70041761513136,114.9826073804208,84.17244204607586,thumbsup

0,88.54377448471462,175.3909917869216,229.78685776170926,278.4600509947522,186.86893802876924,229.96086623597503,203.38387350033435,174.80560631741764,136.2974687952788,194.4556504707436,171.32717239247253,142.86357128393507,80.75270893288967,153.6522046701576,135.5949851580065,109.29318368498559,33.28663395418648,121.1156472137271,114.56002793295748,89.81091247727082,thumbsup

0,61.1310068623117,132.19682295728592,187.55532517100121,229.804264538324,151.18200951171406,200.23236501624805,187.8004259846074,167.57386431063765,120.43255373859678,189.17980864775183,170.18813119603846,142.61837188805654,89.49860334105779,169.799882214329,152.0690632574555,126.30122723077555,71.58910531638176,147.12239802287073,139.00359707575916,118.03812943282352,thumbsup

0,54.230987451824994,112.0044641967453,164.84234892769516,204.0,146.63219291819925,167.4305826305338,139.71399357258383,123.8789731956154,139.2838827718412,160.46183346827368,117.47765745025733,109.41663493271945,133.06013678032951,154.26276284314372,116.15506876585283,105.17128885774862,130.49521064008442,150.9602596712128,122.80065146407001,108.06016842481785,thumbsdown

0,46.861498055439924,95.77577981932593,142.76203977248295,176.0113632695344,115.43396380615195,132.19682295728592,94.14881836751856,79.71198153351854,111.11255554616679,132.06059215375342,86.00581375697809,78.5175139698144,107.70793842609746,131.73458164050928,91.09335870413386,75.50496672405067,102.41581909060729,127.90621564255585,100.23971268913334,83.2586331859946,thumbsdown

0,53.85164807134504,108.40664186294121,156.4736399525492,190.66462702871763,148.0,162.27445886522005,123.76186811776881,109.20164833920778,142.35167719419397,163.00306745579974,114.03946685248927,99.72462083156798,138.27870407260838,163.47782724271815,118.87808881370864,101.96568050084302,136.4734406395618,157.87653403846943,126.14277624977183,107.70329614269008,thumbsdown

0,59.0592922409336,125.2078272313676,182.25805880673698,222.03603311174518,148.03040228277433,188.30825791770258,155.8621185535472,124.77980605851253,142.63590010933433,190.4337155022713,148.2767682410161,116.91449867317569,138.01449199268893,187.0106948813356,149.0,117.03845521878696,135.34031180694095,172.02616080119907,148.47558721890948,125.29964086141668,thumbsdown

0,35.4682957019364,75.59100475585703,109.41663493271945,132.82319074619463,96.89685237405806,97.49871794028884,73.348483283569,73.49829930005184,89.8443097808648,96.87620966986684,67.468511173732,64.62197768561404,84.1486779456457,96.25487000666512,67.11929677819934,59.413803110051795,81.58431221748455,91.48223871331527,70.8801805866774,59.682493245507096,thumbsdown

0,28.442925306655784,64.8459713474939,94.92101980067429,121.2023102090055,102.95630140987001,69.8927750200262,50.99019513592785,61.29437168288782,103.32473082471591,71.0,46.2709412050371,54.120236510939236,100.0199980003999,75.96051605933177,50.0,52.08646657242167,97.29337079164233,83.6301381082203,62.26556030423239,57.38466694161429,thumbsdown

0,45.044422518220834,93.00537618869137,135.35139452550905,178.67568385205638,124.53112060846478,73.24616030891995,51.61395160225576,62.48199740725323,122.57650672131263,60.40695324215582,31.622776601683793,42.95346318982906,118.4229707446997,67.62396025078685,39.44616584663204,42.95346318982906,117.74548823628021,90.9065454189081,65.19202405202648,55.97320787662612,thumbsdown

0,34.0147027033899,70.71067811865476,87.47571091451616,95.70788891204319,106.60675400742676,56.61271941887264,41.43669871020132,47.70744176750625,105.01904589168576,33.37663853655727,16.401219466856727,33.61547262794322,102.48902380255166,47.80167361086848,22.67156809750927,23.53720459187964,102.55242561733974,72.00694410957877,50.566787519082126,43.01162633521314,thumbsdown

0,62.289646009589745,122.61321299109652,182.58422713914803,235.7053245049844,78.05767098754612,165.873445734994,136.8941196691808,100.43903623591775,87.6184911990614,166.7213243709394,143.8923208513922,114.75626344561765,116.01724009818541,167.86899654194636,144.89996549343965,124.35433245367851,143.7358688706476,172.80335644888382,149.78985279383915,131.89389675038038,thumbsdown

0,63.34824385884742,126.08727136392476,182.50753409106156,225.46174841866193,129.41792766073794,183.07648674802562,158.80806024884254,136.12494260788506,114.23659658795863,171.2337583538947,151.28780519261954,127.91012469699183,111.07204868912791,160.80111939908875,142.21462653327893,120.66896867049125,118.6001686339442,158.15498727514097,140.05713120009278,122.494897852931,thumbsdown

0,35.77708763999664,77.3692445355388,117.17508267545622,148.7615541731129,129.3560976529518,105.77334257741882,76.89603370785778,88.58893836140041,126.75172582651489,104.01922899156675,67.02984409947557,80.60397012554654,119.50732195141852,103.16006979447037,71.16881339463234,75.32595834106593,113.8859078200635,107.54068997360952,81.6333265278342,76.89603370785778,thumbsdown

0,38.27531841800928,83.7615663654877,122.67436570041843,152.6106156202772,133.71985641631537,121.51131634543344,88.88756943465155,96.15092303249095,127.67536959022284,120.00416659433121,79.02531240052139,88.07383266328314,120.10412149464314,116.18089343777659,81.04319835741924,81.15417426109393,114.84337159801605,117.63077828527702,90.78546139112804,82.86132994346639,thumbsdown

0,44.28317965096906,90.35485598461214,131.06105447462264,159.67780058605516,112.60550608207397,124.61540835707277,89.94442728707543,94.62557793746889,100.57832768544127,118.86967653695369,78.84795495128583,86.00581375697809,94.02127418834527,112.21853679316978,77.05841939723393,75.53806987208503,90.70832376358854,108.52188719332152,81.9084855189009,72.78049189171504,thumbsdown

0,38.07886552931954,84.21995013059554,120.7393887677091,157.62296786953354,89.28605714219886,31.304951684997057,25.942243542145693,39.20459156782532,87.96590248499699,24.08318915758459,7.280109889280518,23.53720459187964,87.70974860299168,44.77722635447622,27.85677655436824,30.610455730027933,88.3911760301898,71.8679344353238,56.04462507680822,48.33218389437829,thumbsdown

0,39.56008088970496,79.1580697086532,115.15641536623133,152.0131573252789,55.60575509783138,35.510561809129406,43.278170016764804,39.56008088970496,43.104524124504614,34.438350715445125,25.019992006393608,12.36931687685298,53.823786563191554,45.617978911828175,31.064449134018133,17.11724276862369,68.81860213634101,64.03124237432849,51.35172830587107,41.30375285612676,thumbsdown

0,40.01249804748511,87.80091115700337,125.96031120952345,162.265215003093,110.27692415006868,54.817880294662984,40.22437072223753,49.8196748283246,109.04127658827184,45.044422518220834,27.65863337187866,42.05948168962618,106.7941945987702,56.824290580701486,38.47076812334269,45.35416188179427,104.92378186092989,80.8084154033477,62.93647591023825,60.4648658313239,thumbsdown

0,44.14748010928823,94.86832980505137,139.77839604173457,171.56339936011994,109.62207806824317,132.06059215375342,95.01578816175763,87.69264507357501,98.41239759298622,124.23365083583433,80.52949770115296,80.99382692526635,92.76313923105448,118.0889495253472,78.91767862779544,73.97972695272672,91.35097153287424,111.44954015158609,84.5931439302264,74.16872656315464,thumbsdown

0,46.09772228646444,85.5102333057278,117.88553770501282,140.61649974309557,67.80117993073571,87.68124086713189,80.2807573457052,64.81512169239521,53.25410782277739,77.82673062643708,70.3846574190711,51.264022471905186,47.07440918375928,69.12307863514182,65.76473218982953,51.24451190127583,43.93176527297759,63.50590523722971,64.4980619863884,55.10898293381942,thumbsdown

0,44.41846462902562,104.06248123122954,147.24808997063425,180.6931099959265,91.21951545584969,136.01470508735443,123.13001258832064,108.70602559196064,67.11929677819934,131.24023773218335,115.41230437002807,94.14881836751856,58.42088667591412,124.4025723206719,107.37783756436893,84.29116205154607,69.8927750200262,115.7410903698423,102.45974819410792,85.0881895447306,thumbsdown

0,34.785054261852174,74.21590126111789,108.93117092916977,140.68759717899798,70.76722405181653,40.496913462633174,44.598206241955516,46.04345773288535,60.41522986797286,20.024984394500787,16.97056274847714,22.360679774997898,61.35144660071187,27.784887978899608,16.55294535724685,18.601075237738275,67.94115100585212,48.010415536631214,41.012193308819754,40.70626487409524,thumbsdown

0,53.85164807134504,115.74541027617467,172.35138525698017,212.80037593951755,153.57408635573907,169.09760495051373,134.1044369139217,127.81236246936366,145.12063946937388,163.07666908543356,114.43775600735974,117.88553770501282,138.1774221788784,156.1089363233252,113.95174417269794,113.44161493913951,137.23337786413333,152.11837495845134,122.15563842901399,113.54734695271397,thumbsdown

0,42.80186911806539,89.02246907382428,132.06059215375342,162.75441622272496,114.94781424629178,135.36617007214173,97.12363255150623,91.92388155425118,105.47511554864494,125.01599897613104,83.21658488546619,87.29833904490967,99.6393496566492,120.07497657713701,85.37564055396598,82.60750571225353,100.22474744293447,119.01260437449471,93.94147114027967,83.00602387778854,thumbsdown

0,32.69556544854363,68.26419266350405,95.77577981932593,116.69190203266035,81.85963596303125,96.04686356149273,74.21590126111789,61.09828148156051,76.2954782408499,94.08506789071261,68.06614430096654,54.74486277268398,72.11102550927978,92.07062506576133,67.26812023536856,52.23983154643591,68.96375859826666,84.75848040166836,67.77905281132217,54.70831746635972,thumbsdown

0,29.546573405388315,64.89992295835181,95.80187889597991,119.26860441876563,92.61209424259879,88.07383266328314,66.76076692189807,70.26378868236469,86.49277426467485,86.02325267042627,59.07622195096772,61.84658438426491,81.15417426109393,86.58521813797087,61.61168720299745,59.07622195096772,77.79460135510689,84.09518416651456,66.18912297349165,59.464274989274024,thumbsdown

0,58.82176467941097,123.90722335683259,177.5894140989265,215.55741694499866,141.8344104933637,161.44968256394932,123.30855606972291,117.04699910719626,133.52153384379613,152.31546211727817,106.56922632730333,104.17773274553444,127.06297651164952,150.0133327407934,104.0768946500615,95.42536350467836,125.39936203984452,141.66156853571826,110.85576214162258,99.82484660644363,thumbsdown

0,42.15447781671598,89.69392398596462,132.5028301584536,162.04937519163718,117.79643458101778,134.16407864998737,95.01578816175763,91.67878707749138,107.01868995647442,129.0310040261642,85.44003745317531,84.970583144992,100.84145972763385,123.03657992645927,83.00602387778854,76.11832893594026,99.60923651951158,118.53269591129698,90.60905032059435,79.40403012442127,thumbsdown

0,50.96076922496363,90.44335243676011,130.034610777285,154.95160534825058,101.11874208078342,123.14625451064275,93.40770846134703,76.38062581571324,90.4267659490264,116.61903789690601,80.95677859203639,66.03029607687671,81.49233092751734,107.8702924812944,75.31268153505093,58.52349955359813,74.06078584514209,97.04638066409278,75.1065909225016,63.0,thumbsdown

0,31.827660925679098,70.03570517957252,105.60303025955268,133.1465358167459,97.52948272189288,101.31633629380802,72.00694410957877,77.88452991448301,90.02221947941518,97.32420048477151,61.40032573203501,70.02856560004639,85.72630868059116,94.02127418834527,63.56099432828282,65.96969000988257,85.75546629807339,93.60021367496978,70.80254232723568,63.52952069707436,thumbsdown

0,52.20153254455275,112.37882362794157,160.0656115472652,195.88772294352702,154.74172029546526,146.1642911247477,112.94689017409908,116.27553482998907,149.25481566770299,140.28898745090436,97.86725703727473,102.61578825892242,142.03168660548954,144.01388821915754,102.25947388873072,101.0,136.82105101189657,143.96180048887967,113.65298060323803,103.84603988597736,thumbsdown

0,54.08326913195984,111.8257573191436,159.84992962150469,196.2090721653818,151.61134522191932,147.36349615830918,114.0175425099138,114.06138698087096,145.7840869230932,139.60659010233005,97.32420048477151,100.57832768544127,138.00362314084367,142.41137595009747,100.84145972763385,97.04638066409278,134.12307780542466,142.6218777046495,112.60550608207397,101.39033484509261,thumbsdown

0,61.29437168288782,133.4053971921676,193.14502323383846,238.83885781003056,126.50691680694776,173.5655495770978,206.0024271701671,233.80547470065795,86.82165628459296,164.02743672934722,144.05554484295286,115.52488909321661,55.226805085936306,147.220922426128,125.686116973992,97.29337079164233,59.54829972383762,135.69450983735487,116.9700816448377,88.83692925805124,heart

0,61.29437168288782,133.4053971921676,193.03885619221847,238.6063704095094,125.25174649480941,172.7917822120022,205.0219500443794,232.24340679554285,86.28441342444185,163.0,147.08500943332058,120.26637102698326,55.14526271584895,148.70776711389354,128.3160161476345,101.20276676059801,60.207972893961475,136.88316185711082,122.18837915284743,95.88013350011565,heart

0,49.36598018878993,106.01886624558857,152.74161188098023,189.08199279677586,106.62082348209472,142.1724305201258,165.42369842317032,183.17477992343814,80.32434251209281,131.24404748406687,117.04699910719626,97.29337079164233,55.0,118.18629362155326,103.3537614216338,84.09518416651456,47.80167361086848,107.44766167767449,97.74456506629922,78.56844150166147,heart

0,55.0,104.80935072788114,147.13938969562162,181.76083186429358,124.4025723206719,140.98226838861686,156.27219842313605,173.80736463107655,104.01922899156675,126.40015822774906,107.5174404457249,94.49338601193207,76.10519036176179,106.10372283760829,89.02246907382428,74.24957912338628,47.29693436154187,87.13208364316786,75.13321502504735,58.309518948453004,heart

0,58.52349955359813,122.38055401083949,173.63179432350518,213.32135383031863,148.47558721890948,176.92088627406318,192.35384061671346,205.54804791094466,128.7245120402482,162.30834852218786,140.9432509913121,121.74152947946727,102.07840124139877,143.20963654726592,122.20065466273084,103.58571330062848,80.2807573457052,127.47548783981962,108.97706180660222,87.78382538941898,heart

0,56.72741841473134,102.2154587134451,146.4137971640651,172.52536045462998,113.17685275708986,156.51836952894698,167.32304085211933,171.572142260916,101.11874208078342,139.17614738165446,128.2497563350512,113.53413583587978,98.0612053770501,127.4244874425634,117.5457357797381,104.7377677822093,105.30906893520614,123.4908903522847,112.92475370794483,103.75451797391764,heart

0,36.796738985948195,82.34682750416071,122.0,150.08331019803634,99.82484660644363,126.84636376341263,144.2809758769326,157.20368952413298,85.0,120.50311199301038,119.33985084622823,114.42464769445436,67.62396025078685,111.36426715962351,112.80514172678478,109.11003620199197,56.00892785976178,97.26767191621273,108.84851859350222,115.03912377969506,heart

0,59.61543424315552,117.74548823628021,166.86521506892922,207.9663434308542,138.2316895650198,158.8238017426859,171.40595088852663,187.06683297688022,110.16805344563369,126.53062870309307,107.44766167767449,93.77632963600144,72.73238618387272,96.17692030835673,77.31752712031083,61.40032573203501,36.138621999185304,72.44308110509934,60.01666435249463,39.05124837953327,heart

0,65.19202405202648,138.53880322855397,198.600100704909,245.54632964066067,152.31546211727817,188.83061192507955,214.03737991294884,234.08759044426085,111.23398761170077,165.0272704737008,143.6175476743702,114.94781424629178,63.51377803280167,138.2931668593933,116.61903789690601,86.70063436907483,36.013886210738214,118.4229707446997,102.42070103255493,73.7563556583431,heart

0,71.8679344353238,158.06960492137634,232.0538730553748,292.04280508172087,135.83077707206124,213.283848427395,259.1100152444903,292.0154105522515,83.43260753446461,201.42740627829173,174.59667808981933,131.4610208388783,65.5133574166368,183.98097727754356,154.35349040433132,117.6860229593982,96.60745312862771,177.1383639983163,152.3975065412817,118.10588469674151,heart

0,78.74642849044012,162.96318602678338,231.0411218809327,286.9442454554543,133.12400234367956,193.28993765843063,238.1134183535233,276.08875384557047,78.24321056807422,181.06904760339356,167.19150696132863,134.5362404707371,44.40720662234904,163.24827717314508,142.97202523570826,108.664621657649,68.26419266350405,153.32318807016765,134.23859355639868,97.52948272189288,heart

0,45.48626166217664,92.19544457292888,133.01503674397117,164.01219466856725,93.60555539069249,132.00378782444085,152.59423318068085,166.39711535961192,77.00649323271382,125.92855117089213,111.83022847155415,91.59148432032315,71.11258679024411,116.29703349613007,102.88342918079665,85.95929269136641,76.57675887630658,109.48059188732951,97.74456506629922,84.8528137423857,heart

0,43.32435804486894,91.39474820797966,130.8166656049603,160.12495120998477,113.13708498984761,138.51353724455961,151.32745950421557,162.02777539668932,104.6900186264192,130.41855696180662,112.28535078094559,96.74709297958259,90.80198235721508,120.14990636700472,101.24228365658294,86.02325267042627,77.07788269017254,107.56393447619885,93.17188417113823,76.94153624668537,heart

0,65.12296062065974,115.41230437002807,153.73028328862208,186.6815470259447,136.61991070118586,152.46311029229332,164.7573974060042,182.00274723201295,119.63277142990545,134.2013412749664,111.80339887498948,97.8008179924892,93.23625904121208,112.44998888394787,92.19544457292888,78.64477096412705,65.79513659838392,91.0,75.4254598925323,59.033888572581766,heart

0,82.13403679352427,142.13022197970423,188.904737897174,230.1238796822268,171.05846953600397,183.17205026968497,192.46298345396187,201.6382900145704,147.00340132119393,157.29272074701996,133.2066064427737,114.28473213863697,111.07204868912791,125.49501982150527,106.21675950620975,87.96590248499699,72.00694410957877,95.13148795220224,84.05950273467003,64.66065264130884,heart

0,66.007575322837,127.1927670899568,177.72450590731714,224.95555116511352,133.29666162361306,170.00294115102832,195.78048932414077,215.1278689523977,97.06183596038146,149.90663761154806,131.91285001848757,111.40017953306898,59.481089431852205,132.82319074619463,113.74093370462545,88.58893836140041,36.235341863986875,115.27792503337315,104.80458005259122,79.93122043357026,heart

0,54.230987451824994,116.66190466471906,171.29214809792072,216.0208323287363,105.11898020814318,155.68236894394946,188.06381895516213,214.61826576505553,79.7057087039567,154.62535367784935,138.40520221436765,113.46365056704283,73.23933369440222,146.64924138910504,128.22636234409833,104.20172743289815,89.10667763978185,145.7737973711325,129.07749610214788,106.97663296253066,heart

0,63.63961030678928,126.3210196285638,178.2806775845324,225.97787502319778,133.77593206552515,172.35138525698017,199.27117202445515,219.36499264923745,97.24710792614863,150.6154042586614,132.90974381135493,111.46299834474219,59.77457653551382,135.19245541079576,117.17081547894082,91.0,41.14608122288197,116.82465493208187,106.30145812734649,83.09632964216891,heart

0,73.37574531137656,128.4445405612866,172.80335644888382,218.55205329623422,141.48498153514387,167.29913329123974,186.5502613238588,203.0098519776811,108.57716150277645,145.16886718577092,121.10326172320876,102.70345661174214,70.76722405181653,124.01612798341996,101.11874208078342,76.16429609731846,36.235341863986875,94.92101980067429,86.53900854527974,65.19202405202648,heart

0,46.69047011971501,98.12746812182611,142.0211251891774,178.3732042656632,98.8382517044894,132.06059215375342,158.38244852255568,178.7316424139833,71.5122367151245,122.723265927859,107.8563859954523,88.84255736976509,48.0,113.6001760562016,97.41663102366043,75.59100475585703,42.44997055358225,102.59142264341595,91.2414379544733,70.00714249274856,heart

0,45.01110973970759,96.5090669315583,140.40655255364686,176.8530463407402,97.98469268207153,131.46862743635836,155.7562197795003,175.6359872008012,72.69112738154499,120.74767078498864,106.55045753069294,87.72684879784524,50.00999900019995,110.25878649794764,94.11163583744573,73.24616030891995,43.41658669218482,100.20977996183805,89.04493247793498,69.33974329343886,heart

0,50.53711507397311,99.16148445843275,135.56548233234005,171.29214809792072,121.29715577869086,131.40015220691336,141.76741515595182,153.00326793895613,105.1094667477673,107.56393447619885,90.24965373894794,77.62087348130012,79.20227269466452,85.492689745966,69.83552104767315,60.08327554319921,49.24428900898052,57.14017850864661,49.20365840057018,40.718546143004666,heart

0,49.76946855251722,93.15041599477696,123.00406497347964,152.0690632574555,124.61540835707277,120.91732712891069,118.1185844818672,120.33287165193059,114.54256850621083,94.06912352095134,69.1158447825099,52.69724850502159,96.02083107326243,68.01470429252781,47.80167361086848,38.948684188300895,73.24616030891995,42.15447781671598,29.410882339705484,26.92582403567252,heart

0,68.41052550594829,117.72000679578642,156.0416611036937,191.36614120580475,142.88806808127822,158.91192529196795,168.8579284487406,180.71247881648904,130.09611831257686,139.0898989862312,113.21660655575224,98.00510190801293,108.00462953040486,117.15374513859982,93.2148056909416,79.1580697086532,78.2368199762746,89.56003573022959,75.69015788066504,64.32728814430156,heart

0,65.30696746902278,138.0507153186828,197.3448757885545,248.9738942138312,127.41271522104849,183.99184764548673,220.14540649307222,247.212459232944,87.23531395025755,171.35343591536179,149.96666296213968,122.14745187681976,59.21148537234985,160.72336482291553,136.7040599250805,103.46496991735899,66.60330322138685,147.82760229402356,128.80993750483694,99.6393496566492,heart

0,63.694583757176716,133.0,196.1555505204989,245.2305038122297,84.2140130857092,176.3774361986249,219.17344729688404,252.7231687044146,75.69015788066504,176.70597047072292,164.53874923555242,135.9301291105103,99.02019995940222,175.82377541163197,156.01281998605114,131.50285168010618,130.04999038831184,174.0258601472781,152.8953890737062,135.07405376311175,heart

0,65.29931086925804,139.47401191619892,204.36486977951958,260.969346858975,120.2538980657176,189.45184084616332,224.0557966221807,247.51767613647314,79.64923100695951,174.56230979223437,153.22206107476822,124.03628501370073,53.46026561849464,164.76953601925328,140.0142849854971,108.26818553942798,71.21797525905943,152.86922515666782,136.03308421115798,108.70602559196064,heart

0,40.24922359499622,89.62700485902673,130.00384609695206,163.01226947687098,85.0,122.06555615733703,140.4314779527724,153.7693077307692,63.50590523722971,118.25819210524064,104.5609869884557,86.31338250816034,54.230987451824994,113.63538181394033,97.94896630388705,79.17701686727027,63.41135544995076,107.29864864013899,92.09777413162601,75.66372975210778,heart

0,86.76404785393545,160.64868502418562,219.9659064491586,282.39157211220027,151.34728276384746,209.2008604188807,243.74166652421167,268.41944787961995,101.83319694480774,185.13238506539042,157.3848785620779,127.0,56.36488268416781,171.2103968805633,142.33762678926468,104.80935072788114,46.04345773288535,148.71785366928881,134.23859355639868,101.6070863670443,heart

0,69.26037828369117,136.01470508735443,188.2471779336944,240.14995315427402,142.76203977248295,165.10905486980417,186.30351580150065,206.23530250662714,96.26006440887103,122.57650672131263,108.16653826391968,87.32124598286491,45.79301256742124,97.3498844375277,85.42833253669417,62.177166226839255,10.198039027185569,79.17701686727027,77.02596964660685,54.644304369257,heart

0,49.658836071740545,94.79451460923254,129.2749008895385,159.66527487215245,129.61867149450345,176.17321022221284,202.70421801235415,225.49722836434154,128.2653499585917,179.44637081869334,209.6687864227768,234.61031520374377,123.01625908797584,170.29386365926402,196.82479518597245,219.66565503054863,116.41735265844177,151.32745950421557,171.42053552593984,189.02380802428036,stop

0,50.15974481593781,95.67131231461184,130.0,160.0656115472652,129.86531484580476,176.9773996870787,203.42320418280704,226.43321311150447,129.07362240210043,180.71247881648904,211.98113123577767,237.92856070678022,124.03628501370073,171.74690681348528,198.57995870681412,221.472345903501,116.29703349613007,151.74320413119,173.1040149736568,192.04166214652486,stop

0,44.9221548904324,83.23460818673925,112.53888216967503,139.8070098385628,117.99152511939153,160.12495120998477,184.27153876819935,204.08821622033938,117.74548823628021,165.14841809717706,193.59752064528098,216.6679487141557,113.1591799192624,156.95222202950808,182.3869512876401,202.78066969018522,105.01904589168576,139.17614738165446,158.61904047118682,176.3774361986249,stop

0,47.01063709417264,86.97700845625813,116.2841347734075,140.87228258248675,112.27199116431488,154.0194792875239,177.79201331893398,198.4943324127921,110.45361017187261,156.71949463930773,184.20097719610501,206.51876428063383,106.6770828247567,149.164338901763,173.0028901492689,194.06442229321684,100.30453628824571,132.1854757528224,149.4590244849738,165.21501142450705,stop

0,45.31004303683677,82.41965784932621,111.75866856758807,130.91982279242512,98.35141076771599,137.78606605894515,160.80111939908875,181.24568960391858,97.32933781753577,140.60227594174995,167.86303941010956,191.049731745428,95.1892851112981,133.73481222179961,158.3161394173064,180.0999722376436,94.02127418834527,122.70289320142373,140.9432509913121,158.26875876179733,stop

0,45.18849411078001,79.2464510246358,104.84750831564858,127.01181047445942,98.03060746521976,136.82105101189657,159.5900999435742,179.2930561957155,98.50888284819801,141.7956275771577,169.07099100673656,192.26284092356485,96.42095207992918,136.09188072769072,160.00312496948303,181.01104938649465,92.02716990106781,122.0245876862528,140.73023839957068,158.80806024884254,stop

0,41.23105625617661,72.18032973047436,97.09788875150684,118.51160280748886,92.97311439335567,129.1200991325518,151.11915828246265,170.75128110793196,93.7709976485267,135.20355024924456,160.65490966665163,183.0027322200409,92.19544457292888,130.00384609695206,153.08167754502824,172.23530416264836,88.88756943465155,117.08543888972702,134.9518432626987,152.3975065412817,stop

0,36.76955262170047,63.0317380372777,83.7615663654877,102.42070103255493,81.9084855189009,114.72575996697516,134.61797799699713,151.4199458459816,82.29823813423954,120.59850745345068,144.00694427700353,164.2224101637776,81.61494961096282,117.10678887237921,138.0,156.05127362504928,80.05623023850174,106.96261028976434,122.64175471673585,137.81872151489435,stop

0,51.894122981316485,93.33809511662427,126.24579200908045,155.1934276958918,123.64869590901475,169.92056967889437,197.52468200202222,221.46105752479374,125.29964086141668,179.0474797365213,211.74749113035554,238.549785160247,123.06502346320826,173.04623659588788,203.35437049643167,228.79029699705362,117.38824472663352,156.69716015295236,180.7097119692243,202.20039564748632,stop

0,53.48831648126533,97.0,132.06059215375342,163.2666530556684,134.33167906342868,183.65728953678914,213.0187785149469,238.88281646028875,136.56134152826706,192.86523792534516,227.6071176391459,257.2800031094527,132.84953895290718,186.4296113818832,218.68927728629038,245.93088459971838,125.32358118087753,168.00297616411441,195.1640335717624,219.65882636488797,stop

0,57.87054518492115,104.23531071570709,140.12137595670404,171.18703221914913,138.45215780189199,190.53870997778904,220.1181500921721,247.7579463912308,137.08391590555036,196.468827043885,232.4908600354001,262.5737991498771,131.24404748406687,184.5697700058165,216.8985938174796,243.28789530101986,123.00406497347964,162.5207679036744,186.6815470259447,208.4922060893404,stop

0,52.88667128870941,98.47842403288143,132.9661611087573,163.6001222493431,130.6981254647518,179.78876494375282,207.64633394307737,232.69293070482394,128.16005617976296,184.67809832245945,216.6217902243447,242.5633937757303,122.98373876248843,172.38619434281853,202.6153992173349,225.83400983908513,114.10959644131601,150.05332385522155,172.4905794529081,191.38704240360684,stop

0,69.31810730249349,129.49517365523704,173.89939620366712,211.0852908186641,169.84993376507393,229.53213282675696,266.08645211660064,297.90099026354375,166.73631877908304,236.04448733236708,280.8291295432153,317.6161204976851,160.1998751560063,224.0200883849482,265.0018867857359,298.0603965641863,151.24152868838638,198.8617610301186,229.38613733179255,258.3118270617898,stop

0,60.53924347066124,106.01886624558857,138.85243966167826,163.9176622576103,126.14277624977183,171.81676286090365,201.12185361118767,227.771815640127,123.97580409095961,176.50495743746123,212.00235847744713,241.81191037663964,120.0,171.10523077919038,203.35437049643167,229.78685776170926,116.66190466471906,154.719100307622,178.71765441612084,201.12185361118767,stop

0,53.45091205957107,93.15041599477696,120.34118164618461,141.35416513141735,106.23088063270491,146.68674105044394,171.49344010777787,192.566871501824,102.18121158021175,147.7057886475679,177.88198334851114,202.33882474700698,96.62815324738438,140.29255147726127,168.02380783686579,188.73261509341728,93.2148056909416,126.19429464123962,147.00340132119393,165.10905486980417,stop

0,47.43416490252569,78.77182237323191,99.90495483208028,115.10864433221339,90.55385138137417,124.8118584109699,146.15402833996743,163.98170629676957,87.93179174792243,127.61269529321916,154.27572718998928,174.6339027795004,86.14522621712709,122.58874336577564,146.11296999240005,163.62457028209425,83.74365647617735,111.5437134042076,128.09761902549164,144.00347218036097,stop

0,44.77722635447622,75.16648189186454,95.44108130150245,110.01818031580054,87.92041856133307,123.08127396155761,145.06550244630873,163.95426191471816,89.56003573022959,131.24023773218335,157.54364474646383,179.88885457415086,90.44888059008801,128.03515142334936,153.0130713370593,173.1415605797753,90.75791976461338,118.66338946785567,137.46272221951665,153.63918770938616,stop

0,51.54609587543949,93.05912099305473,120.61509026651682,140.46351839534705,105.0,142.88806808127822,166.82026255823962,186.3249849054066,99.40321926376429,143.6175476743702,172.35138525698017,194.24726510301247,93.55746896961247,135.14806694880988,159.84054554461454,180.42727066604982,88.45903006477066,120.01666550941998,139.05754204644924,155.3898323572041,stop

0,51.86520991955976,90.60353193998566,119.4361754243663,143.8923208513922,114.75626344561765,158.97798589741913,187.57931655702342,213.06337085477645,119.01680553602503,168.07438829280326,200.30227157973022,230.7834482799839,118.06777714516353,164.98484778912274,195.36888186197925,223.0560467685196,116.0775602776006,152.48606493709516,177.56407294269863,200.73116349984124,stop

0,57.271284253105414,98.40731680114035,127.91403363196706,151.95394038984313,117.38824472663352,161.91973320136123,189.1718795170149,213.4759939665348,116.90166808048549,168.34488409215172,201.55644370746373,229.0087334579186,114.10959644131601,162.00308639035245,193.12690128513947,217.38905216224666,111.68258592994702,147.49237268414933,170.29973576021777,190.59118552545917,stop

0,64.88451279003334,119.01680553602503,156.6301375853319,188.60540819393276,150.47923444781344,202.48456731316588,234.64867355261143,262.79459659589656,151.21177202850313,210.85777196963835,248.92770034690795,281.1494264621573,147.0136048126159,203.24615617521528,236.61149591682988,265.2772134956186,141.9929575718458,182.45547402037573,208.61447696648477,233.10512649875378,stop

0,55.94640292279746,100.42410069301094,134.18271125595876,164.75436261295178,128.5496013218244,175.9147520817967,202.70421801235415,226.45087767549057,128.4562182223967,181.8048404196104,214.56001491424257,241.23847122712414,126.00396819148197,175.13994404475525,205.41178155110774,229.87170334775874,122.24974437601087,158.5339080449353,180.7097119692243,202.20039564748632,stop

0,56.08029957123981,99.86490875177326,133.05637902783917,161.01242188104618,121.67168939404104,166.01204775557707,193.59752064528098,216.9331694324314,120.07497657713701,171.26879458909028,203.0492551082126,229.5125268912353,117.00427342623003,164.14932226482082,193.43732835210477,216.8340379184043,113.26517558367179,147.50254235097103,169.66437457521835,189.21416437465774,stop

0,56.859475903318,99.40321926376429,130.38404810405297,156.7226850203888,120.34118164618461,165.27552752903256,191.3765920900464,214.72074888095935,119.64113005150027,169.85876486069242,201.6382900145704,227.1299187689724,117.0,162.15116404145854,190.51509126575775,213.9369065869655,113.26517558367179,146.5127980757995,167.5857989210303,186.1316738225926,stop

0,38.01315561749642,66.94027188471824,89.89994438263018,108.45275469069469,77.23341245859851,105.47511554864494,122.9186723000212,138.40520221436765,74.88658090739622,109.29318368498559,131.54847015454038,150.74813431681335,71.8679344353238,103.07764064044152,123.5677951571525,141.85203558638133,68.3593446428504,91.78235124467012,107.70329614269008,122.06555615733703,stop

0,50.80354318352215,88.54377448471462,115.24755962709145,134.18271125595876,89.37561188601732,123.43419299367578,143.45033983926285,162.60381299342276,83.23460818673925,122.67436570041843,148.47558721890948,170.90640713560157,77.83315488916018,116.05602095539895,141.35416513141735,163.4900608599801,74.06078584514209,104.80935072788114,123.79418403139947,142.20056258679148,stop

0,40.52159917870962,71.19691004531025,96.42613753542138,117.38824472663352,91.80958555619343,123.94353553130554,140.8900280360537,155.8621185535472,89.88882021697692,124.91997438360288,147.36349615830918,165.42369842317032,85.98837130682264,118.86967653695369,138.6542462386205,153.37535656030275,81.39410298049853,106.01886624558857,121.03718436910205,133.24038426843418,stop

0,41.773197148410844,72.89718787443039,97.30878685915265,120.91732712891069,90.7358804442873,124.77980605851253,145.41320435228707,163.0828010551695,89.49301648732151,129.0348790056394,153.07514494521962,173.0,87.46427842267951,123.32072007574396,145.34441853748632,164.34719346554112,83.86298349093002,111.16204388189342,128.00390619039717,142.22517358048822,stop

0,55.94640292279746,107.44766167767449,147.75655653811103,183.91846019364124,148.24641648282767,199.9199839935968,226.45087767549057,248.64633518312712,145.5609837834301,202.6153992173349,237.49736840647307,264.0378760708395,140.089257261219,192.66551326067673,224.08257406590099,248.3646512690564,132.5745073534124,172.9392957080605,198.3053201505194,221.03619613086,stop

0,47.07440918375928,87.46427842267951,117.38824472663352,144.49913494550754,117.66052864066182,158.8238017426859,182.0164827701052,202.68448386593386,117.98728745080972,165.14841809717706,192.6577275896298,214.18916872708573,113.43720729989786,157.70859202973057,182.6307750626931,203.30272993740147,107.22872749408155,140.089257261219,159.6151621870554,177.62882648939615,stop

0,66.57326790837296,127.28707711311466,175.96590578859303,216.9446934128604,172.40939649566667,233.1222855069845,268.00186566514793,300.12330799189857,171.572142260916,239.52661647507986,278.4690287985362,311.1269837220809,163.22989922192565,225.72992712531496,266.6552080871476,301.01494979485653,150.63200191194434,201.12185361118767,234.0939982143925,264.43335644354704,livelong

0,61.61168720299745,119.75391434103521,166.70932787339765,206.0218435020908,169.54350474140847,227.50164834567684,261.51290599127225,290.84188144075813,171.23667831396403,233.0407689654323,269.2842364491468,298.41246622753545,163.9176622576103,223.77890874700412,264.43902888945877,298.390683500675,152.27934856703322,201.54652068443156,233.75414434828744,261.83964558485025,livelong

0,57.42821606144492,107.20074626605917,146.26346091898688,183.65728953678914,153.57408635573907,205.99514557387025,238.05251521460553,266.7208278331484,160.00312496948303,218.27734651126764,252.87348615463821,281.3965173913849,154.20765220960988,213.46662502602135,251.03386225766437,286.9738664059848,142.08800090085018,191.7185437040455,223.32935319836486,253.62176562747922,livelong

0,53.0,96.40020746865642,132.41223508422476,165.3148511174964,147.6787053031005,197.7725966861941,228.69411885748178,257.12642804659345,154.26276284314372,209.69024774652732,241.51397475094478,269.15608854343236,148.48568954616468,205.91260281974002,243.3105012119288,276.739950133695,135.5912976558599,183.35757415498276,214.40149253211834,243.26323191144198,livelong

0,53.2634959423431,101.71037311896953,137.6154061142865,171.47011401407536,147.80054127099805,200.11246837716035,233.3452377915607,262.21365334398587,152.11837495845134,209.40391591371923,244.08605040026356,272.6554602424092,145.41664278891878,204.65825172711703,244.96530366564158,281.12808468738945,129.634100452003,177.12425017484196,210.09759636892565,240.9024698918631,livelong

0,50.59644256269407,97.63708311906906,135.20724832641184,171.14321488157222,131.18688958886096,177.78920102188434,202.76587484091104,229.36869882353173,136.69308687713507,187.82971010998233,216.06017680266763,243.89546941261537,131.79529581893277,181.1767093199344,211.36697944570244,237.0232056149777,124.0,166.01204775557707,192.02343606966312,219.0570701894828,livelong

0,50.24937810560445,94.36630754670864,131.3202193114221,163.24827717314508,124.61942063739504,169.2572007330855,193.0932417253385,218.66183937761065,128.22246293064254,176.7993212656655,203.82345301755635,230.28894893155424,124.90796611905904,169.06803364326444,197.25364381932212,220.56518310921152,118.00423721205946,155.283611498445,178.98603297464302,201.8018830437417,livelong

0,49.49747468305833,93.62157870918435,129.79984591670362,161.64467204334326,124.57929201917949,169.11830178901394,193.8762491900439,219.42652528807906,128.63125592172378,177.78920102188434,204.2473990042468,230.0,125.22779244241272,170.32909322837364,198.8793604173143,222.17110523198104,117.61377470347595,156.0416611036937,179.35439777156287,201.9504889818294,livelong

0,50.59644256269407,94.30270409696638,130.11533345459327,165.01212076693034,126.57013865837392,171.51093259614677,195.68597292601225,220.55384830013736,130.6330739131557,180.02499826412998,207.15453169071634,233.92733914615454,126.28935030318273,173.93389548906217,203.4158302591025,229.2640399190418,118.20744477400736,158.2024020045208,183.22117781522965,207.15453169071634,livelong

0,46.57252408878007,89.30845424706443,123.03657992645927,153.91231269784754,123.4908903522847,163.6154026979123,186.30083198955393,207.1183236703117,126.7162183779172,172.23530416264836,198.63534428696218,222.87440409342656,122.00409829181969,170.51979357247652,200.26232796010336,225.28426487440262,114.43775600735974,158.71042813879623,187.8643127366132,217.0184323968819,livelong

0,46.32493928760188,90.0499861188218,123.5556554755791,154.20765220960988,124.4025723206719,165.60193235587562,187.20042734993956,208.6648029735729,129.24782396620841,176.38594048279472,202.05444810743464,225.37524265100637,125.41929676090518,172.69626515938322,202.7856010667424,228.35498680782078,118.3427226321923,159.80300372646317,187.0721785835617,213.4689672996991,livelong

0,49.658836071740545,93.62157870918435,127.09838708654017,159.11316727411344,120.61923561356207,163.95731151735808,186.50737250843463,209.4612135933524,122.57650672131263,169.00887550658396,194.48650338776724,218.22007240398395,118.2285921425101,160.96272860510285,185.4561942885705,205.2364490045567,111.21151019566275,146.3488981851247,166.6043216726385,186.1316738225926,livelong

0,51.478150704935004,99.35793878699377,138.4088147481944,174.61385970191483,137.7534028617805,186.04569331215382,212.8778992756176,239.30106560565082,140.18559127100045,193.22784478433744,222.32633672149595,250.0,134.09325113517085,185.00270268296083,217.03686322834653,244.05122413132864,125.13193037750197,167.1944975171133,194.17775361765828,219.79080963497995,livelong

0,59.81638571495272,123.22743201089601,176.207264322445,222.17110523198104,175.72706109191037,236.78048906107108,272.03860020225073,302.80356668969404,177.00282483621552,240.67405344157896,277.96582523756405,309.00647242412253,168.2676439485619,228.23233776132602,265.9323222175146,299.4461554269816,153.52198539622916,206.42189806316577,238.32121181296472,267.4023186137323,livelong

0,57.42821606144492,120.41594578792295,173.4041521994211,220.5130381632796,174.38463235044537,240.35390573069537,275.5358415887124,308.9158461458395,177.1383639983163,245.381335883559,285.674640106538,320.4652867316521,167.35889578985635,229.68238939892626,270.74896121684384,306.04084694693944,150.47923444781344,202.6153992173349,233.23807579381202,262.77366686941826,livelong

0,53.41348144429457,107.16809226630845,148.22280526288793,183.98097727754356,158.61904047118682,210.09759636892565,238.6734170367534,263.86549603917524,161.15210206509875,215.67104580819372,247.37016796695596,275.86228448267445,152.8953890737062,206.15528128088303,243.00205760445732,274.5323296080081,140.38874598770374,186.07794065928394,213.77090541044166,239.54957733212555,livelong

0,50.47771785649585,97.8008179924892,134.16407864998737,169.9235122047564,144.68241081762497,194.87944991712183,224.75097330156325,253.44230112591703,150.00333329629711,203.0221662774782,235.35929979501554,264.8339102154405,144.01388821915754,198.8793604173143,235.8495283014151,269.2452413692766,129.9730741346068,176.5106229097841,206.5841233008965,235.30405861353094,livelong

0,57.201398584300364,107.93516572461452,148.94629904767692,183.30848316430968,148.48905683584903,201.6382900145704,233.20591759215716,261.03064954139006,153.0,208.40585404445815,240.4100663449848,266.58019431308094,148.07092894960846,202.07424378183381,239.1693960355296,272.02941017470886,137.38267721950973,184.09236811991963,212.46176126540982,239.7352706632881,livelong

0,55.65968020030299,102.9271587094485,141.53444810363305,176.24131184259835,133.13526955694348,179.49373248110922,204.98048687619024,232.14219780126146,135.38463723776047,185.59364213248256,215.64786110694445,242.7364826308563,131.21356637177422,180.5103875127412,212.4241040936739,239.7185850116757,124.06449935416659,165.01212076693034,191.12822920751398,216.453228204155,livelong

0,46.09772228646444,84.02380615040002,113.78049041905207,139.84276885130672,97.49871794028884,134.6291201783626,156.0,178.31432920547917,96.26006440887103,133.4541119636259,157.78466338652817,179.88885457415086,92.19544457292888,128.84486796143648,152.43359209832983,170.6985647274165,88.56635930193812,119.88327656516567,138.42326394071193,155.92626462530293,livelong

0,46.09772228646444,88.76936408468859,123.97580409095961,153.95129099815955,117.80067911519016,159.0125781188394,182.25805880673698,205.526154053444,114.86513831445988,157.7244432546839,182.45547402037573,205.2364490045567,106.47065323364932,141.79210133149166,164.69365500832143,182.98907071188705,97.51410154434076,126.64912159190051,142.04576727238302,157.16551784663199,livelong

0,42.579337712087536,80.30566605165541,109.89540481748998,135.07405376311175,101.9803902718557,138.2244551445221,159.24823389915505,178.94133116750865,101.21264743103995,138.69751259485514,160.90991268408544,182.8332573685652,96.67471230885562,131.03434664239754,151.64761785138597,167.73789077009405,90.80198235721508,118.07201192492656,134.71822445385777,149.37536610833797,livelong

0,54.78138369920935,102.62553288534,140.0142849854971,171.011695506477,129.1394595001853,176.70597047072292,206.16983290481662,232.7230113246217,127.4401820463232,179.3348822733603,211.96697856034086,240.75921581530375,119.60351165413162,168.14577009250038,201.06217943710845,230.07824755939012,111.46299834474219,153.18289721767243,179.8054504179448,205.41178155110774,livelong

0,47.67598976424087,83.2586331859946,111.66467659918243,133.2066064427737,87.20665112249179,126.03570922560003,151.2084653714864,173.80736463107655,88.14193099768123,127.47548783981962,155.4155719353759,180.75950874020432,88.95504482602435,128.89142717807107,155.9134375222354,177.12425017484196,91.6624241442479,123.00406497347964,144.2809758769326,162.9969324864735,livelong

0,47.853944456021594,84.09518416651456,113.70136322841516,135.36986370680884,91.67878707749138,131.20975573485381,155.2063143045411,178.67568385205638,92.19544457292888,133.7235955244997,160.262285020525,186.43229333996834,92.07062506576133,133.00375934536586,158.06960492137634,180.2692430782356,93.64827814754524,125.00399993600205,146.21901381147393,164.87874332369228,livelong

0,58.66856057549052,109.22453936730518,148.67750334196495,179.7386992275175,146.01369798755184,199.6246477767713,229.17242417009948,257.76927667974707,147.87156589419075,204.9438947614688,239.70189819857498,269.6405014088203,140.0142849854971,191.84629264074925,226.86119103980744,257.6703320136022,130.0,175.3909917869216,202.40553352119602,229.8695282111137,livelong

0,55.90169943749474,104.5609869884557,145.6193668438371,178.84350701101786,145.52319402761884,198.84164553734712,228.84492565927695,257.41989045137905,148.27339613025663,205.00243900988104,240.10206163213175,269.2675249635574,142.1724305201258,194.81273059017474,231.97629189208106,264.43335644354704,132.9699214108213,178.4740877550576,207.5090359478353,236.28161164170183,livelong

0,58.66856057549052,107.71258050942797,144.62710672622887,174.77127910500627,144.69968901141425,197.2308292331602,226.92730113408567,254.9607812978302,145.91093173576817,202.78066969018522,236.68122020980033,265.04716561397146,141.0,191.21192431435858,225.5681715136247,254.70963860835735,132.90974381135493,177.48521065147935,205.00975586542216,231.08872754853275,livelong

0,55.21775076911409,105.64563407921787,146.37281168304446,180.15548839821673,146.24978632463024,197.43353311937665,226.80828909014767,253.60007886434104,148.05404418657398,201.71762441591463,231.94827009486403,258.11818998280614,142.3938200906205,192.09372712298546,225.68340656769607,254.68608128439215,132.61975720080324,174.77127910500627,200.38463014912097,222.0923231451281,livelong

0,50.24937810560445,94.75230867899737,131.48764200486676,165.3420696616563,125.15989773086265,171.0263137648707,198.15650380444242,224.61077445216202,128.08200498118384,179.7386992275175,210.52315787105226,240.40174708183798,125.03599481749245,173.1040149736568,205.29490982486632,233.30880823492285,117.15374513859982,155.9134375222354,181.49655644116226,205.7790076757102,livelong

